{"iterations":10000,"mean_s":0.000129875,"ops_per_s":7699.711260827719,"stddev_s":8.759915017345366e-07}
