{"iterations":10000,"mean_s":0.00013975,"ops_per_s":7155.6350626118065,"stddev_s":2.869862559620413e-06}
