{"iterations":10000,"mean_s":0.00013987500000000003,"ops_per_s":7149.240393208221,"stddev_s":9.519716382329741e-07}
