{"iterations":10000,"mean_s":0.00013299999999999998,"ops_per_s":7518.796992481204,"stddev_s":1.8559214542766818e-06}
