{"iterations":10000,"mean_s":0.00013987500000000003,"ops_per_s":7149.240393208221,"stddev_s":2.6906473818271437e-06}
