{"iterations":10000,"mean_s":2.9375e-05,"ops_per_s":34042.553191489365,"stddev_s":1.9338002309787167e-06}
