{"iterations":10000,"mean_s":3.7125e-05,"ops_per_s":26936.026936026934,"stddev_s":4.289845892077929e-07}
