{"iterations":10000,"mean_s":3.2875e-05,"ops_per_s":30418.250950570342,"stddev_s":5.682575707077448e-07}
