{"iterations":10000,"mean_s":2.9375e-05,"ops_per_s":34042.553191489365,"stddev_s":5.170697352496175e-07}
