{"iterations":10000,"mean_s":2.85e-05,"ops_per_s":35087.71929824561,"stddev_s":5.270462766947302e-07}
