{"iterations":10000,"mean_s":4.925000000000001e-05,"ops_per_s":20304.56852791878,"stddev_s":6.346477588219926e-07}
