{"iterations":10000,"mean_s":0.0003045,"ops_per_s":3284.072249589491,"stddev_s":4.116363011742827e-06}
