{"iterations":10000,"mean_s":3.325000000000001e-05,"ops_per_s":30075.187969924806,"stddev_s":7.905694150420954e-07}
