{"iterations":10000,"mean_s":0.000240125,"ops_per_s":4164.497657470068,"stddev_s":4.328924038757589e-06}
