{"iterations":10000,"mean_s":0.00021237500000000003,"ops_per_s":4708.652148322542,"stddev_s":1.505775916632721e-06}
