{"iterations":10000,"mean_s":4.3249999999999994e-05,"ops_per_s":23121.387283236996,"stddev_s":4.859126579037772e-07}
