{"iterations":10000,"mean_s":0.000152125,"ops_per_s":6573.54149548069,"stddev_s":2.447362525931405e-06}
