{"iterations":10000,"mean_s":0.000143625,"ops_per_s":6962.576153176675,"stddev_s":1.8380620833427369e-06}
