{"iterations":10000,"mean_s":3.3625000000000004e-05,"ops_per_s":29739.77695167286,"stddev_s":5.170697352496178e-07}
