{"iterations":10000,"mean_s":0.00030725000000000007,"ops_per_s":3254.678600488201,"stddev_s":2.5846770698784567e-06}
