{"iterations":10000,"mean_s":0.00014575,"ops_per_s":6861.063464837051,"stddev_s":3.7137133258595365e-06}
