{"iterations":10000,"mean_s":0.00029049999999999996,"ops_per_s":3442.3407917383824,"stddev_s":2.4608038433722382e-06}
