{"iterations":10000,"mean_s":0.00047812500000000003,"ops_per_s":2091.503267973856,"stddev_s":4.261015137264839e-06}
