{"iterations":10000,"mean_s":0.0004540000000000001,"ops_per_s":2202.643171806167,"stddev_s":4.2557151116012605e-06}
