{"iterations":50000,"mean_s":9e-06,"ops_per_s":111111.11111111111,"stddev_s":9.428090415820662e-08}
