{"iterations":50000,"mean_s":1.0274999999999997e-05,"ops_per_s":97323.60097323604,"stddev_s":1.4385563751360112e-07}
