{"iterations":50000,"mean_s":1.0075000000000001e-05,"ops_per_s":99255.58312655086,"stddev_s":1.4385563751359945e-07}
