{"iterations":50000,"mean_s":1.05e-05,"ops_per_s":95238.09523809524,"stddev_s":3.431876713662341e-07}
