{"iterations":50000,"mean_s":1.3475000000000002e-05,"ops_per_s":74211.50278293135,"stddev_s":1.4385563751360046e-07}
