{"iterations":10000,"mean_s":5.462499999999999e-05,"ops_per_s":18306.63615560641,"stddev_s":5.170697352496206e-07}
