{"iterations":50000,"mean_s":1.0525e-05,"ops_per_s":95011.87648456058,"stddev_s":1.9329022507905398e-07}
