{"iterations":10000,"mean_s":5.2749999999999995e-05,"ops_per_s":18957.345971563984,"stddev_s":6.346477588219939e-07}
