{"iterations":50000,"mean_s":1.005e-05,"ops_per_s":99502.48756218905,"stddev_s":1.649915822768602e-07}
