{"iterations":50000,"mean_s":1.1750000000000001e-05,"ops_per_s":85106.3829787234,"stddev_s":1.2692955176439784e-07}
