{"iterations":10000,"mean_s":5.5875e-05,"ops_per_s":17897.091722595076,"stddev_s":1.0622957319984965e-06}
