{"iterations":10000,"mean_s":5.5e-05,"ops_per_s":18181.81818181818,"stddev_s":2.7688746209726913e-06}
