{"iterations":50000,"mean_s":1.0425e-05,"ops_per_s":95923.2613908873,"stddev_s":2.3243876134968941e-07}
