{"iterations":50000,"mean_s":9.825000000000002e-06,"ops_per_s":101781.17048346055,"stddev_s":8.579691784155814e-08}
