{"iterations":10000,"mean_s":5.712499999999999e-05,"ops_per_s":17505.4704595186,"stddev_s":4.289845892077924e-07}
