{"iterations":10000,"mean_s":0.00016875,"ops_per_s":5925.925925925925,"stddev_s":1.3994046353122183e-06}
