{"iterations":10000,"mean_s":0.00017025000000000005,"ops_per_s":5873.715124816445,"stddev_s":3.959868123505565e-06}
