{"iterations":10000,"mean_s":0.00067475,"ops_per_s":1482.0303816228234,"stddev_s":8.505717031633611e-06}
