{"iterations":10000,"mean_s":0.00017487499999999998,"ops_per_s":5718.370264474625,"stddev_s":3.684143953032596e-06}
