{"iterations":10000,"mean_s":0.000671,"ops_per_s":1490.3129657228017,"stddev_s":6.89605362185903e-06}
