{"iterations":10000,"mean_s":0.000157125,"ops_per_s":6364.3595863166265,"stddev_s":1.604031379576683e-06}
