{"iterations":10000,"mean_s":0.0007135,"ops_per_s":1401.5416958654519,"stddev_s":1.4841757907262143e-05}
