{"iterations":10000,"mean_s":0.0006926250000000001,"ops_per_s":1443.7827107020391,"stddev_s":6.4735036881119885e-06}
