{"iterations":10000,"mean_s":0.00016950000000000003,"ops_per_s":5899.705014749262,"stddev_s":3.95108986370989e-06}
