{"iterations":10000,"mean_s":0.000623375,"ops_per_s":1604.1708441949067,"stddev_s":5.264200371904125e-06}
